{
  "@microsoft/generator-sharepoint": {
    "plusBeta": false,
    "isCreatingSolution": false,
    "version": "1.15.2",
    "libraryName": "surface-maintenance-operations-center-rocp",
    "libraryId": "C9317A31-3703-4B92-0719-A4FD77AE7B01",
    "environment": "spo",
    "packageManager": "npm",
    "solutionName": "Readiness Operations Center - Personnel (ROC-P)",
    "solutionShortDescription": "Readiness Operations Center - Personnel (ROC-P) description",
    "skipFeatureDeployment": true,
    "isDomainIsolated": false,
    "componentType": "webpart"
  }
}
