{
  "$schema": "https://developer.microsoft.com/json-schemas/spfx-build/package-solution.schema.json",
  "solution": {
    "name": "ROC-P Management Tool",
    "id": "C9317A31-3703-4B92-0719-A4FD77AE7B01",
    "version": "1.0.0.1",
    "includeClientSideAssets": true,
    "skipFeatureDeployment": true,
    "isDomainIsolated": false,
    "developer": {
      "name": "",
      "websiteUrl": "",
      "privacyUrl": "",
      "termsOfUseUrl": "",
      "mpnId": "Undefined-1.15.2"
    },
    "metadata": {
      "shortDescription": {
        "default": "ROC-P"
      },
      "longDescription": {
        "default": "ROC-P"
      },
      "screenshotPaths": [],
      "videoUrl": "",
      "categories": []
    },
    "features": [
      {
        "title": "ROC-P Feature",
        "description": "The feature that activates elements of the Readiness Operations Center - Personnel (ROC-P) tool solution.",
        "id": "BEC0A1B2-3E05-4ED7-O719-E0D4D9227F82",
        "version": "1.0.0.2"
      }
    ]
  },
  "paths": {
    "zippedPackage": "solution/Rocp-MT.sppkg"
  }
}
